<?xml version="1.0" encoding="UTF-8"?>
<project-private xmlns="http://www.netbeans.org/ns/project-private/1">
    <editor-bookmarks xmlns="http://www.netbeans.org/ns/editor-bookmarks/2" lastBookmarkId="0"/>
    <open-files xmlns="http://www.netbeans.org/ns/projectui-open-files/2">
        <group>
            <file>file:/C:/Users/akihi/OneDrive/Documentos/2º%20DAM/PSP/UD1/Prácticas%20clase/Sincronizaciondehilos/src/EjercicioMain.java</file>
            <file>file:/C:/Users/akihi/OneDrive/Documentos/2º%20DAM/PSP/UD1/Prácticas%20clase/Sincronizaciondehilos/src/Lector.java</file>
            <file>file:/C:/Users/akihi/OneDrive/Documentos/2º%20DAM/PSP/UD1/Prácticas%20clase/Sincronizaciondehilos/src/Productor.java</file>
            <file>file:/C:/Users/akihi/OneDrive/Documentos/2º%20DAM/PSP/UD1/Prácticas%20clase/Sincronizaciondehilos/src/Ejercicio2.java</file>
            <file>file:/C:/Users/akihi/OneDrive/Documentos/2º%20DAM/PSP/UD1/Prácticas%20clase/Sincronizaciondehilos/src/RecursoCompartido.java</file>
            <file>file:/C:/Users/akihi/OneDrive/Documentos/2º%20DAM/PSP/UD1/Prácticas%20clase/Sincronizaciondehilos/src/Ejercicio1Runnable.java</file>
            <file>file:/C:/Users/akihi/OneDrive/Documentos/2º%20DAM/PSP/UD1/Prácticas%20clase/Sincronizaciondehilos/src/Consumidor.java</file>
            <file>file:/C:/Users/akihi/OneDrive/Documentos/2º%20DAM/PSP/UD1/Prácticas%20clase/Sincronizaciondehilos/src/Cesta.java</file>
            <file>file:/C:/Users/akihi/OneDrive/Documentos/2º%20DAM/PSP/UD1/Prácticas%20clase/Sincronizaciondehilos/src/Ejercicio1.java</file>
            <file>file:/C:/Users/akihi/OneDrive/Documentos/2º%20DAM/PSP/UD1/Prácticas%20clase/Sincronizaciondehilos/src/Contador.java</file>
            <file>file:/C:/Users/akihi/OneDrive/Documentos/2º%20DAM/PSP/UD1/Prácticas%20clase/Sincronizaciondehilos/src/Escritor.java</file>
            <file>file:/C:/Users/akihi/OneDrive/Documentos/2º%20DAM/PSP/UD1/Prácticas%20clase/Sincronizaciondehilos/libro.txt</file>
            <file>file:/C:/Users/akihi/OneDrive/Documentos/2º%20DAM/PSP/UD1/Prácticas%20clase/Sincronizaciondehilos/src/Ejercicio3.java</file>
        </group>
    </open-files>
</project-private>
