<?xml version="1.0" encoding="UTF-8"?>
<project-private xmlns="http://www.netbeans.org/ns/project-private/1">
    <editor-bookmarks xmlns="http://www.netbeans.org/ns/editor-bookmarks/2" lastBookmarkId="0"/>
    <open-files xmlns="http://www.netbeans.org/ns/projectui-open-files/2">
        <group>
            <file>file:/C:/Users/akihi/OneDrive/Documentos/2º%20DAM/ACDAT/Ortiz_Mario/src/dialogAlta.java</file>
            <file>file:/C:/Users/akihi/OneDrive/Documentos/2º%20DAM/ACDAT/Ortiz_Mario/src/mainFrame.java</file>
            <file>file:/C:/Users/akihi/OneDrive/Documentos/2º%20DAM/ACDAT/Ortiz_Mario/src/Alumno.java</file>
            <file>file:/C:/Users/akihi/OneDrive/Documentos/2º%20DAM/ACDAT/Ortiz_Mario/src/dialogModificar.java</file>
        </group>
    </open-files>
</project-private>
