<?xml version="1.0" encoding="UTF-8"?>
<project-private xmlns="http://www.netbeans.org/ns/project-private/1">
    <editor-bookmarks xmlns="http://www.netbeans.org/ns/editor-bookmarks/2" lastBookmarkId="0"/>
    <open-files xmlns="http://www.netbeans.org/ns/projectui-open-files/2">
        <group>
            <file>file:/C:/Users/akihi/OneDrive/Documentos/2º%20DAM/ACDAT/UD3/Ejercicios/Ortiz_Mario/src/vista/FrameMain.java</file>
            <file>file:/C:/Users/akihi/OneDrive/Documentos/2º%20DAM/ACDAT/UD3/Ejercicios/Ortiz_Mario/src/controlador/ctrlBD.java</file>
            <file>file:/C:/Users/akihi/OneDrive/Documentos/2º%20DAM/ACDAT/UD3/Ejercicios/Ortiz_Mario/src/vista/DialogCursos.java</file>
            <file>file:/C:/Users/akihi/OneDrive/Documentos/2º%20DAM/ACDAT/UD3/Ejercicios/Ortiz_Mario/src/vista/DialogAlumnos.java</file>
        </group>
    </open-files>
</project-private>
