<?xml version="1.0" encoding="UTF-8"?>
<project-private xmlns="http://www.netbeans.org/ns/project-private/1">
    <editor-bookmarks xmlns="http://www.netbeans.org/ns/editor-bookmarks/2" lastBookmarkId="0"/>
    <open-files xmlns="http://www.netbeans.org/ns/projectui-open-files/2">
        <group>
            <file>file:/C:/Users/akihi/OneDrive/Documentos/2º%20DAM/ACDAT/UD2/Ejercicios/AD_Tema02_Practica01_Ortiz_Mario/src/Vista/mainFrame.java</file>
            <file>file:/C:/Users/akihi/OneDrive/Documentos/2º%20DAM/ACDAT/UD2/Ejercicios/AD_Tema02_Practica01_Ortiz_Mario/src/Controlador/CtrlMatricula.java</file>
            <file>file:/C:/Users/akihi/OneDrive/Documentos/2º%20DAM/ACDAT/UD2/Ejercicios/AD_Tema02_Practica01_Ortiz_Mario/src/Controlador/CtrlExamen.java</file>
            <file>file:/C:/Users/akihi/OneDrive/Documentos/2º%20DAM/ACDAT/UD2/Ejercicios/AD_Tema02_Practica01_Ortiz_Mario/src/Controlador/CtrlAlumno.java</file>
        </group>
    </open-files>
</project-private>
