[{"codAlumno":"001","codMatricula":"C002","numExamen":1,"fechaExamen":"08/04/2022","notaExamen":10.0},{"codAlumno":"001","codMatricula":"C002","numExamen":2,"fechaExamen":"","notaExamen":0.0},{"codAlumno":"001","codMatricula":"C002","numExamen":3,"fechaExamen":"","notaExamen":0.0},{"codAlumno":"001","codMatricula":"C002","numExamen":4,"fechaExamen":"","notaExamen":0.0},{"codAlumno":"001","codMatricula":"C002","numExamen":5,"fechaExamen":"","notaExamen":0.0},{"codAlumno":"001","codMatricula":"C002","numExamen":6,"fechaExamen":"","notaExamen":0.0},{"codAlumno":"001","codMatricula":"C002","numExamen":7,"fechaExamen":"","notaExamen":0.0},{"codAlumno":"001","codMatricula":"C002","numExamen":8,"fechaExamen":"","notaExamen":0.0},{"codAlumno":"001","codMatricula":"C002","numExamen":9,"fechaExamen":"","notaExamen":0.0}]