<?xml version="1.0" encoding="UTF-8"?>
<project-private xmlns="http://www.netbeans.org/ns/project-private/1">
    <editor-bookmarks xmlns="http://www.netbeans.org/ns/editor-bookmarks/2" lastBookmarkId="0"/>
    <open-files xmlns="http://www.netbeans.org/ns/projectui-open-files/2">
        <group>
            <file>file:/C:/Users/akihi/OneDrive/Documentos/2º%20DAM/DEINT/UD1/Ejercicios/Ejercicios_GUI_Java_OrtizMario/src/Ej2_SumaRestaAmpliado.java</file>
            <file>file:/C:/Users/akihi/OneDrive/Documentos/2º%20DAM/DEINT/UD1/Ejercicios/Ejercicios_GUI_Java_OrtizMario/src/mainFrame.java</file>
            <file>file:/C:/Users/akihi/OneDrive/Documentos/2º%20DAM/DEINT/UD1/Ejercicios/Ejercicios_GUI_Java_OrtizMario/src/Ej3_EurosPesetas.java</file>
            <file>file:/C:/Users/akihi/OneDrive/Documentos/2º%20DAM/DEINT/UD1/Ejercicios/Ejercicios_GUI_Java_OrtizMario/src/Ej6_EurosPesetasAmpliado.java</file>
            <file>file:/C:/Users/akihi/OneDrive/Documentos/2º%20DAM/DEINT/UD1/Ejercicios/Ejercicios_GUI_Java_OrtizMario/src/Ej4_TextAreaListeners.java</file>
            <file>file:/C:/Users/akihi/OneDrive/Documentos/2º%20DAM/DEINT/UD1/Ejercicios/Ejercicios_GUI_Java_OrtizMario/src/Ej1_SumaResta.java</file>
        </group>
    </open-files>
</project-private>
