<?xml version="1.0"?>
<!DOCTYPE hibernate-mapping PUBLIC "-//Hibernate/Hibernate Mapping DTD 3.0//EN"
"http://www.hibernate.org/dtd/hibernate-mapping-3.0.dtd">
<!-- Generated 01-dic-2022 18:10:14 by Hibernate Tools 4.3.1 -->
<hibernate-mapping>
    <class name="modelo.Examenes" table="EXAMENES" schema="AD_ACADEMIA" optimistic-lock="version">
        <composite-id name="id" class="modelo.ExamenesId">
            <key-property name="ccodalu" type="string">
                <column name="CCODALU" length="6" />
            </key-property>
            <key-property name="ccodcurso" type="string">
                <column name="CCODCURSO" length="6" />
            </key-property>
            <key-property name="nnumexam" type="short">
                <column name="NNUMEXAM" precision="3" scale="0" />
            </key-property>
        </composite-id>
        <many-to-one name="matriculas" class="modelo.Matriculas" update="false" insert="false" fetch="select" lazy="false">
            <column name="CCODALU" length="6" not-null="true" />
            <column name="CCODCURSO" length="6" not-null="true" />
        </many-to-one>
        <property name="dfecexam" type="date">
            <column name="DFECEXAM" length="7" />
        </property>
        <property name="nnotaexam" type="big_decimal">
            <column name="NNOTAEXAM" precision="6" not-null="true" />
        </property>
    </class>
</hibernate-mapping>
