<?xml version="1.0" encoding="UTF-8"?>
<project-private xmlns="http://www.netbeans.org/ns/project-private/1">
    <editor-bookmarks xmlns="http://www.netbeans.org/ns/editor-bookmarks/2" lastBookmarkId="0"/>
    <open-files xmlns="http://www.netbeans.org/ns/projectui-open-files/2">
        <group>
            <file>file:/C:/Users/akihi/OneDrive/Documentos/2º%20DAM/DEINT/UD1/Ejercicios/Ejercicio2_ManipulacionJTable_OrtizMario/src/Ejercicio2main.java</file>
            <file>file:/C:/Users/akihi/OneDrive/Documentos/2º%20DAM/DEINT/UD1/Ejercicios/Ejercicio2_ManipulacionJTable_OrtizMario/src/dialogAnadir.java</file>
            <file>file:/C:/Users/akihi/OneDrive/Documentos/2º%20DAM/DEINT/UD1/Ejercicios/Ejercicio2_ManipulacionJTable_OrtizMario/src/dialogPersonas.java</file>
        </group>
    </open-files>
</project-private>
